{
  "n": 200,
  "S2": {
    "mean": 0.3472410673903211,
    "max": 0.3984622342831298,
    "top1": 0.31343283582089554
  },
  "S3": {
    "neg_var": 0.42661691542288555,
    "pos_var": 0.5733830845771144,
    "mean_score": 0.5471506105834464
  }
}