{
  "n": 200,
  "S2": {
    "mean": 0.37833333333333335,
    "max": 0.36114583333333333,
    "top1": 0.38229166666666664
  },
  "S3": {
    "neg_var": 0.4060416666666667,
    "pos_var": 0.5939583333333334,
    "mean_score": 0.5240625
  }
}